{"stats":{"minecraft:killed_by":{"iceandfire:cyclops":4,"medieval_craft_weapons:archer":2,"minecraft:zombie":1,"medieval_craft_weapons:knight":5,"minecraft:player":1,"iceandfire:gorgon":2,"minecraft:skeleton":1},"minecraft:used":{"minecraft:moss_block":5,"minecraft:moss_carpet":4,"minecraft:iron_shovel":30,"minecraft:bone_block":2,"minecraft:shield":3,"minecraft:player_head":1,"minecraft:carrot":1,"minecraft:tuff":2,"minecraft:polished_andesite_stairs":2,"minecraft:iron_helmet":2,"minecraft:stone_bricks":4,"minecraft:sweet_berries":17,"minecraft:furnace":3,"minecraft:mossy_stone_bricks":1,"minecraft:oak_planks":27,"minecraft:stone_pickaxe":95,"minecraft:ender_pearl":2,"minecraft:wooden_pickaxe":17,"minecraft:clay":1,"medieval_craft_weapons:gladius":1,"minecraft:diamond_axe":104,"minecraft:golden_apple":2,"minecraft:glow_berries":37,"simplyswords:iron_halberd":1276,"minecraft:dripstone_block":2,"botania:light_blue_mushroom":1,"minecraft:bread":67,"minecraft:gravel":10,"medieval_craft_weapons:pole_axe":2,"ecologics:coconut_slice":19,"minecraft:wooden_sword":29,"basicweapons:iron_hammer":1,"minecraft:birch_log":1,"minecraft:azalea":3,"minecraft:iron_bars":2,"minecraft:stone_sword":15,"minecraft:armor_stand":2,"medieval_craft_weapons:sword_1":13,"minecraft:torch":77,"minecraft:dirt":30,"minecraft:dark_oak_planks":16,"quark:spruce_chest":1,"minecraft:iron_axe":59,"minecraft:iron_boots":2,"minecraft:golden_carrot":7,"minecraft:cooked_beef":34,"minecraft:cobbled_deepslate":96,"minecraft:acacia_planks":74,"sophisticatedbackpacks:gold_backpack":1,"minecraft:water_bucket":32,"minecraft:birch_planks":46,"minecraft:polished_andesite":1,"minecraft:baked_potato":8,"minecraft:music_disc_cat":1,"minecraft:crafting_table":15,"minecraft:red_bed":5,"minecraft:smoker":1,"minecraft:diamond_pickaxe":1,"minecraft:apple":2,"minecraft:iron_pickaxe":687,"minecraft:golden_leggings":1,"minecraft:stone_axe":40,"minecraft:cobblestone":74,"minecraft:purple_bed":4,"minecraft:bucket":32,"quark:oak_chest":1,"minecraft:smooth_stone":1},"minecraft:killed":{"minecraft:witch":2,"minecraft:spider":11,"alexsmobs:snow_leopard":2,"medieval_craft_weapons:knight":43,"quark:forgotten":3,"minecraft:skeleton":20,"medieval_craft_weapons:soldier":30,"minecraft:chicken":5,"minecraft:axolotl":1,"ecologics:coconut_crab":2,"minecraft:pig":6,"alexsmobs:grizzly_bear":1,"medieval_craft_weapons:romanlegionary":39,"minecraft:sheep":2,"minecraft:pillager":23,"alexsmobs:flutter":3,"minecraft:zombie":36,"medieval_craft_weapons:romancenturion":4,"alexsmobs:fly":1,"minecraft:cow":18,"medieval_craft_weapons:heavyknight":2,"aquaculture:bluegill":1,"graveyard:revenant":1,"alexsmobs:raccoon":3,"medieval_craft_weapons:archer":19,"alexsmobs:tasmanian_devil":1,"alexsmobs:seagull":1,"creeperoverhaul:snowy_creeper":2,"minecraft:horse":6,"alexsmobs:blue_jay":1,"iceandfire:cyclops":1},"minecraft:crafted":{"minecraft:oak_planks":48,"minecraft:iron_boots":1,"sophisticatedbackpacks:backpack":3,"minecraft:cooked_porkchop":2,"minecraft:crafting_table":12,"minecraft:spruce_planks":160,"minecraft:wooden_pickaxe":1,"minecraft:iron_helmet":1,"minecraft:copper_ingot":11,"minecraft:acacia_button":1,"minecraft:birch_planks":68,"minecraft:diamond_pickaxe":1,"minecraft:iron_pickaxe":4,"sophisticatedbackpacks:diamond_backpack":1,"minecraft:stick":48,"quark:oak_chest":1,"minecraft:iron_ingot":78,"medieval_craft_weapons:legionary_chestplate":2,"minecraft:iron_nugget":18,"minecraft:furnace":3,"minecraft:stone_pickaxe":1,"quark:spruce_chest":4,"minecraft:dark_oak_planks":16,"minecraft:wheat":45,"sophisticatedbackpacks:iron_backpack":3,"minecraft:cooked_beef":3,"occultism:silver_ingot":2,"simplyswords:iron_halberd":7,"sophisticatedbackpacks:gold_backpack":3,"minecraft:stone_axe":1,"minecraft:bread":21,"minecraft:air":0,"aether:iron_gloves":2,"minecraft:iron_shovel":1,"minecraft:iron_leggings":1,"minecraft:acacia_planks":92,"minecraft:torch":68,"medieval_craft_weapons:legionary_helmet":1,"medieval_craft_weapons:plate_chestplate":1},"minecraft:custom":{"lootr:looted_stat":25,"minecraft:interact_with_crafting_table":60,"minecraft:open_barrel":18,"minecraft:leave_game":2,"minecraft:time_since_death":20535,"minecraft:sprint_one_cm":728600,"minecraft:damage_blocked_by_shield":185,"minecraft:drop":150,"minecraft:play_time":292583,"minecraft:deaths":16,"minecraft:jump":5804,"minecraft:walk_on_water_one_cm":23803,"minecraft:interact_with_furnace":76,"minecraft:play_record":1,"minecraft:interact_with_loom":2,"minecraft:sleep_in_bed":12,"minecraft:waystone_activated":2,"minecraft:damage_dealt":59347,"minecraft:crouch_one_cm":44811,"minecraft:interact_with_smoker":6,"minecraft:mob_kills":299,"minecraft:climb_one_cm":23563,"minecraft:walk_one_cm":520590,"minecraft:sneak_time":17758,"minecraft:walk_under_water_one_cm":19176,"minecraft:interact_with_lectern":13,"minecraft:interact_with_blast_furnace":1,"minecraft:total_world_time":292583,"minecraft:time_since_rest":20561,"minecraft:damage_taken":2147483647,"minecraft:damage_absorbed":80,"minecraft:swim_one_cm":30608,"minecraft:fly_one_cm":959992,"minecraft:open_chest":173,"minecraft:fall_one_cm":158273},"minecraft:broken":{"medieval_craft_weapons:plate_chestplate":1,"minecraft:diamond_boots":1,"quark:forgotten_hat":1,"simplyswords:iron_halberd":4,"medieval_craft_weapons:pole_axe":1,"aether:iron_gloves":1,"medieval_craft_weapons:plate_helmet":1,"medieval_craft_weapons:plate_leggings":1,"minecraft:iron_pickaxe":2},"minecraft:dropped":{"minecraft:birch_planks":4,"minecraft:lapis_lazuli":10,"minecraft:cooked_beef":2,"minecraft:oak_log":3,"medieval_craft_weapons:gladius":2,"minecraft:spore_blossom":1,"minecraft:crafting_table":1,"ecologics:coconut_slice":2,"silentgems:ruby":2,"minecraft:red_wool":1,"farmersdelight:rice":1,"minecraft:red_carpet":2,"minecraft:dirt":20,"relics:leather_belt":1,"minecraft:wooden_sword":1,"minecraft:bone_block":6,"minecraft:birch_log":1,"minecraft:white_wool":4,"minecraft:blue_bed":1,"minecraft:gold_ingot":39,"minecraft:armor_stand":4,"minecraft:magenta_banner":1,"minecraft:gravel":2,"minecraft:iron_nugget":13,"medieval_craft_weapons:plate_boots":1,"alexsmobs:animal_dictionary":1,"minecraft:pointed_dripstone":2,"minecraft:wheat":12,"minecraft:rotten_flesh":11,"minecraft:oak_planks":3,"occultism:raw_silver":14,"minecraft:cooked_mutton":1,"minecraft:azure_bluet":2,"minecraft:rabbit_foot":1,"patchouli:guide_book":1,"minecraft:acacia_button":1,"minecraft:chainmail_chestplate":1,"minecraft:leather_chestplate":1,"medieval_craft_weapons:centurion_armor_helmet":1,"simplefarming:honeydew_seeds":1,"betterarcheology:growth_totem":1,"silentgems:sapphire":3,"mysticalagriculture:inferium_essence":22,"minecraft:beetroot_seeds":2,"minecraft:azalea":4,"ecologics:coconut_husk":20,"minecraft:leather_boots":1,"minecraft:acacia_sapling":2,"quark:forgotten_hat":1,"minecraft:chainmail_boots":1,"botania:blue_mystical_flower":1,"minecraft:arrow":16,"medieval_craft_weapons:greatsword":1,"minecraft:stone_brick_stairs":1,"minecraft:quartz":6,"minecraft:purple_carpet":1,"minecraft:egg":2,"medieval_craft_weapons:legionary_chestplate":1,"minecraft:wheat_seeds":41,"minecraft:iron_helmet":1,"minecraft:cobblestone":4,"minecraft:book":18,"minecraft:apple":3,"ecologics:crab_claw":1,"medieval_craft_weapons:legionary_helmet":1,"silentgear:sinew":1,"minecraft:stick":53,"minecraft:gray_wool":1,"minecraft:torch":2,"medieval_craft_weapons:plate_chestplate":1,"minecraft:iron_leggings":1,"minecraft:white_banner":1,"minecraft:flowering_azalea":1,"quark:jasper":1,"medieval_craft_weapons:brigandine_chestplate":1,"minecraft:string":3,"minecraft:spruce_sapling":1,"minecraft:redstone":4,"minecraft:moss_carpet":1,"minecraft:stone_sword":1,"farmersdelight:cabbage_seeds":8,"minecraft:chicken":1,"minecraft:clay_ball":20,"minecraft:iron_boots":2,"minecraft:stone_slab":2,"minecraft:cobbled_deepslate_slab":2,"minecraft:pumpkin_seeds":5,"minecraft:big_dripleaf":2,"medieval_craft_weapons:mighty_stick":4,"aether:iron_gloves":2,"minecraft:spruce_planks":3,"minecraft:iron_chestplate":1,"minecraft:oak_sapling":4,"minecraft:spider_eye":2,"medieval_craft_weapons:titanite_nugget_1":1,"minecraft:bow":1,"minecraft:stone_pickaxe":1,"minecraft:wooden_pickaxe":2,"medieval_craft_weapons:pole_axe":2},"minecraft:mined":{"valhelsia_structures:hanging_vines":1,"sophisticatedbackpacks:gold_backpack":1,"ecologics:surface_moss":4,"minecraft:cave_vines_plant":32,"botania:light_blue_mushroom":1,"minecraft:grass_block":18,"mysticalagriculture:inferium_ore":5,"minecraft:green_wall_banner":2,"minecraft:spawner":7,"minecraft:smooth_stone":1,"minecraft:mossy_cobblestone_slab":1,"minecraft:iron_ore":24,"minecraft:cobbled_deepslate":3,"minecraft:fire":13,"minecraft:moss_carpet":7,"minecraft:pumpkin":5,"minecraft:anvil":1,"minecraft:deepslate_lapis_ore":8,"minecraft:azure_bluet":1,"minecraft:pointed_dripstone":2,"valhelsia_structures:brown_glazed_jar":1,"minecraft:cave_vines":60,"valhelsia_structures:big_magenta_glazed_jar":1,"minecraft:oak_stairs":2,"minecraft:iron_bars":8,"minecraft:purple_carpet":3,"simpleores:tin_ore":1,"minecraft:azalea_leaves":2,"minecraft:azalea":7,"minecraft:player_head":1,"minecraft:tripwire":3,"valhelsia_structures:big_purple_glazed_jar":1,"valhelsia_structures:green_glazed_jar":1,"minecraft:deepslate_redstone_ore":32,"silentgems:peridot_ore":2,"minecraft:red_bed":6,"minecraft:smoker":1,"minecraft:clay":15,"minecraft:torch":4,"minecraft:polished_andesite_stairs":2,"minecraft:chest":5,"valhelsia_structures:dungeon_door_leaf":1,"minecraft:cobblestone":3,"minecraft:oak_planks":4,"minecraft:wall_torch":1,"minecraft:deepslate_copper_ore":27,"minecraft:skeleton_skull":2,"minecraft:white_terracotta":1,"minecraft:light_blue_terracotta":1,"farmersdelight:sandy_shrub":1,"minecraft:black_bed":1,"minecraft:jukebox":1,"valhelsia_structures:hanging_vines_body":2,"minecraft:stone_brick_stairs":3,"minecraft:grass":26,"minecraft:oak_log":7,"minecraft:dirt":28,"mysticalagriculture:deepslate_prosperity_ore":31,"minecraft:oak_leaves":6,"mysticalagriculture:deepslate_inferium_ore":6,"minecraft:deepslate":100,"mysticalagriculture:prosperity_ore":7,"minecraft:tuff":2,"minecraft:red_carpet":3,"iceandfire:silver_ore":2,"minecraft:mossy_cobblestone":1,"minecraft:deepslate_diamond_ore":5,"silentgems:deepslate_peridot_ore":20,"minecraft:dark_oak_log":4,"minecraft:cobbled_deepslate_slab":2,"minecraft:chiseled_bookshelf":2,"minecraft:purple_terracotta":1,"minecraft:spruce_fence":2,"minecraft:decorated_pot":3,"minecraft:redstone_wire":2,"iceandfire:deepslate_silver_ore":1,"occultism:silver_ore_deepslate":68,"minecraft:moss_block":14,"quark:jasper":1,"silentgems:deepslate_ruby_ore":2,"minecraft:hay_block":8,"minecraft:spore_blossom":1,"minecraft:dead_brain_coral":1,"botania:white_mushroom":1,"valhelsia_structures:cracked_big_glazed_jar":1,"treechop:chopped_log":7,"minecraft:gold_block":1,"minecraft:big_dripleaf_stem":1,"minecraft:bookshelf":59,"minecraft:deepslate_iron_ore":49,"minecraft:vine":1,"minecraft:green_candle":1,"minecraft:stone":114,"valhelsia_structures:big_gray_glazed_jar":1,"valhelsia_structures:purple_glazed_jar":1,"minecraft:flowering_azalea":4,"minecraft:red_wool":1,"quark:oak_chest":1,"betterarcheology:growth_totem":1,"minecraft:oak_fence":1,"minecraft:crafting_table":4,"valhelsia_structures:big_blue_glazed_jar":1,"silentgems:deepslate_sapphire_ore":19,"minecraft:sculk_sensor":1,"minecraft:campfire":4,"minecraft:stone_slab":1,"minecraft:copper_ore":25,"minecraft:tall_grass":20,"minecraft:deepslate_coal_ore":10,"silentgems:deepslate_silver_ore":13,"minecraft:lapis_ore":1,"minecraft:deepslate_gold_ore":12,"minecraft:sculk":1,"minecraft:big_dripleaf":2,"farmersdelight:wild_beetroots":2,"minecraft:purple_bed":6,"betterarcheology:loot_vase_creeper":1,"minecraft:magenta_terracotta":2,"minecraft:sweet_berry_bush":2,"minecraft:ice":1,"minecraft:spruce_log":2,"minecraft:white_wall_banner":2,"silentgems:deepslate_topaz_ore":5,"betterarcheology:loot_vase_green":1,"minecraft:potted_azure_bluet":1,"minecraft:coal_ore":38,"minecraft:gravel":6,"minecraft:dripstone_block":2,"minecraft:cobweb":2,"minecraft:cracked_stone_bricks":2,"minecraft:polished_andesite":1,"minecraft:stone_bricks":6,"minecraft:small_dripleaf":2,"minecraft:mossy_stone_bricks":2},"minecraft:picked_up":{"minecraft:iron_chestplate":1,"minecraft:wheat":30,"minecraft:chainmail_boots":1,"minecraft:flower_pot":1,"minecraft:anvil":1,"minecraft:stone_slab":2,"aether:iron_gloves":1,"minecraft:enchanted_book":3,"minecraft:stone_brick_stairs":1,"botania:light_blue_mushroom":1,"silentgear:sinew":1,"minecraft:music_disc_cat":1,"medieval_craft_weapons:pole_axe":3,"minecraft:string":12,"minecraft:raw_copper":214,"silentgems:sapphire":19,"minecraft:iron_leggings":1,"minecraft:armor_stand":6,"mysticalagriculture:inferium_essence":75,"minecraft:cobbled_deepslate":96,"minecraft:smooth_stone":1,"valhelsia_structures:dungeon_door":1,"minecraft:white_tulip":1,"minecraft:azalea":7,"minecraft:iron_pickaxe":1,"alexsmobs:raccoon_tail":2,"minecraft:furnace":3,"ecologics:crab_claw":4,"farmersdelight:cabbage_seeds":8,"minecraft:iron_boots":1,"minecraft:spruce_pressure_plate":1,"minecraft:stick":33,"minecraft:sheaf_pottery_sherd":2,"minecraft:jukebox":1,"minecraft:big_dripleaf":6,"minecraft:oak_fence":1,"minecraft:acacia_log":23,"minecraft:torch":12,"mysticalagriculture:prosperity_shard":90,"minecraft:porkchop":8,"minecraft:pointed_dripstone":2,"minecraft:green_banner":2,"minecraft:rotten_flesh":36,"medieval_craft_weapons:mighty_stick":4,"minecraft:snowball":16,"minecraft:iron_bars":2,"minecraft:cobblestone":108,"minecraft:feather":9,"minecraft:birch_log":18,"occultism:datura_seeds":2,"minecraft:mossy_cobblestone_slab":1,"minecraft:leather_chestplate":1,"minecraft:cooked_beef":4,"minecraft:jungle_log":6,"minecraft:black_bed":1,"minecraft:smoker":2,"minecraft:flint":7,"minecraft:tuff":2,"medieval_craft_weapons:plate_chestplate":2,"minecraft:lapis_lazuli":74,"minecraft:dirt":50,"minecraft:purple_carpet":1,"minecraft:leather_boots":1,"minecraft:bone":29,"minecraft:wheat_seeds":42,"minecraft:green_candle":3,"minecraft:raw_gold":13,"minecraft:cobbled_deepslate_slab":2,"minecraft:mossy_stone_bricks":1,"minecraft:moss_block":5,"minecraft:oak_planks":5,"medieval_craft_weapons:sword_1":1,"ecologics:coconut_husk":7,"medieval_craft_weapons:legionary_chestplate":4,"medieval_craft_weapons:plate_helmet":1,"minecraft:dark_oak_log":4,"minecraft:mossy_cobblestone":1,"quark:jasper":1,"minecraft:polished_andesite":1,"minecraft:clay":1,"minecraft:diamond":17,"minecraft:spruce_sign":2,"minecraft:emerald":13,"minecraft:chainmail_helmet":1,"minecraft:bread":5,"minecraft:oak_sapling":4,"iceandfire:raw_silver":3,"sophisticatedbackpacks:gold_backpack":1,"minecraft:charcoal":8,"minecraft:shelter_pottery_sherd":3,"minecraft:crafting_table":4,"medieval_craft_weapons:legionary_helmet":3,"minecraft:allium":1,"minecraft:azure_bluet":2,"minecraft:chicken":9,"botania:white_mushroom":1,"minecraft:clay_ball":64,"minecraft:wooden_pickaxe":1,"occultism:raw_silver":66,"minecraft:gold_block":1,"medieval_craft_weapons:plate_boots":1,"minecraft:acacia_button":1,"medieval_craft_weapons:centurion_armor_helmet":1,"minecraft:shield":10,"relics:leather_belt":1,"minecraft:red_bed":6,"minecraft:moss_carpet":6,"minecraft:iron_axe":6,"silentgems:raw_silver":13,"minecraft:beef":35,"minecraft:player_head":2,"minecraft:iron_nugget":6,"silentgems:peridot":22,"minecraft:chest":5,"minecraft:egg":2,"minecraft:raw_iron":74,"ecologics:coconut_slice":21,"minecraft:copper_ingot":80,"medieval_craft_weapons:titanite_nugget_1":6,"minecraft:spruce_fence":2,"quark:deepslate_furnace":1,"simplyswords:iron_halberd":3,"minecraft:redstone":130,"minecraft:arrow":43,"iceandfire:cyclops_eye":2,"minecraft:decorated_pot":1,"minecraft:beetroot_seeds":4,"minecraft:hay_block":8,"botania:blue_mystical_flower":1,"minecraft:gold_ingot":8,"minecraft:skeleton_skull":2,"minecraft:glow_berries":20,"minecraft:mutton":14,"minecraft:bone_block":12,"minecraft:white_wool":6,"medieval_craft_weapons:greatsword":1,"minecraft:golden_carrot":2,"minecraft:magenta_banner":1,"minecraft:leather":25,"minecraft:birch_planks":4,"silentgear:blueprint_package":1,"minecraft:oak_log":32,"minecraft:chainmail_chestplate":1,"minecraft:heart_pottery_sherd":3,"minecraft:blue_bed":1,"minecraft:white_banner":4,"quark:forgotten_hat":2,"minecraft:red_carpet":5,"minecraft:stone_bricks":4,"simplefarming:honeydew_seeds":1,"minecraft:rabbit_hide":8,"silentgems:ruby":2,"minecraft:spore_blossom":3,"minecraft:iron_ingot":14,"medieval_craft_weapons:gladius":2,"minecraft:flowering_azalea":1,"minecraft:acacia_sapling":2,"minecraft:book":191,"minecraft:polished_andesite_stairs":2,"minecraft:pumpkin":5,"minecraft:sweet_berries":15,"medieval_craft_weapons:plate_leggings":1,"minecraft:red_wool":1,"minecraft:dripstone_block":2,"minecraft:gravel":12,"minecraft:spruce_sapling":3,"minecraft:spruce_log":43,"quark:oak_chest":1,"minecraft:spider_eye":2,"minecraft:pumpkin_seeds":4,"minecraft:purple_bed":5,"betterarcheology:growth_totem":1,"minecraft:chainmail_leggings":1,"minecraft:black_wool":1,"silentgems:topaz":4,"minecraft:coal":69,"minecraft:ender_pearl":1}},"DataVersion":3465}