{"stats":{"minecraft:killed_by":{"iceandfire:cyclops":5,"minecraft:zombie":1,"medieval_craft_weapons:knight":1,"iceandfire:gorgon":1},"minecraft:used":{"minecraft:moss_block":1,"minecraft:moss_carpet":2,"minecraft:iron_shovel":78,"minecraft:dispenser":1,"minecraft:white_terracotta":2,"minecraft:shield":11,"minecraft:stone":1,"medieval_craft_weapons:mighty_stick":24,"minecraft:rotten_flesh":2,"minecraft:carrot":2,"minecraft:acacia_sapling":15,"minecraft:tuff":6,"minecraft:big_dripleaf":1,"minecraft:lava_bucket":1,"quark:deepslate_furnace":3,"minecraft:red_wool":1,"minecraft:stone_brick_stairs":2,"minecraft:stone_bricks":2,"simplyswords:iron_scythe":527,"minecraft:bow":199,"minecraft:furnace":3,"minecraft:potato":6,"minecraft:diorite":1,"minecraft:stone_pickaxe":32,"minecraft:oak_planks":166,"simplyswords:diamond_halberd":15,"minecraft:clay":67,"minecraft:blue_bed":8,"medieval_craft_weapons:gladius":240,"minecraft:white_wool":16,"minecraft:cookie":4,"minecraft:golden_apple":1,"minecraft:glow_berries":75,"minecraft:blast_furnace":1,"simplyswords:iron_halberd":10,"minecraft:bread":15,"minecraft:gravel":1,"ecologics:coconut_slice":4,"minecraft:diamond_sword":52,"minecraft:wooden_sword":21,"minecraft:cobweb":10,"minecraft:light_blue_terracotta":1,"minecraft:spruce_planks":79,"medieval_craft_weapons:sword_1":8,"minecraft:torch":5,"minecraft:dirt":4,"minecraft:anvil":1,"simplyswords:iron_katana":191,"betterarcheology:evoker_trap":1,"minecraft:stone_brick_slab":1,"quark:spruce_chest":3,"minecraft:iron_axe":207,"silentgear:pickaxe":114,"medieval_craft_weapons:spear_1":36,"minecraft:cooked_beef":46,"minecraft:cobbled_deepslate":101,"minecraft:acacia_planks":184,"minecraft:observer":1,"sophisticatedbackpacks:gold_backpack":1,"minecraft:cooked_mutton":6,"minecraft:water_bucket":178,"quark:forgotten_hat":1,"minecraft:green_bed":1,"minecraft:crafting_table":12,"minecraft:red_bed":6,"silentgear:axe":124,"minecraft:smoker":1,"minecraft:apple":3,"minecraft:iron_pickaxe":454,"basicweapons:stone_quarterstaff":29,"minecraft:magenta_banner":1,"minecraft:cobblestone":58,"minecraft:potion":2,"minecraft:purple_bed":1,"minecraft:bucket":180,"alexsmobs:animal_dictionary":1,"minecraft:splash_potion":1},"minecraft:killed":{"guardvillagers:guard":1,"minecraft:cave_spider":4,"graveyard:skeleton_creeper":1,"minecraft:witch":2,"iceandfire:gorgon":1,"minecraft:spider":6,"medieval_craft_weapons:knight":20,"mowziesmobs:frostmaw":1,"minecraft:skeleton":13,"medieval_craft_weapons:soldier":7,"alexsmobs:banana_slug":2,"creeperoverhaul:cave_creeper":3,"alexsmobs:centipede_head":1,"minecraft:pig":2,"medieval_craft_weapons:romanlegionary":21,"minecraft:pillager":7,"alexsmobs:flutter":2,"minecraft:zombie":49,"medieval_craft_weapons:romancenturion":2,"alexsmobs:sunbird":1,"alexsmobs:fly":3,"minecraft:cow":12,"medieval_craft_weapons:heavyknight":1,"minecraft:vex":5,"minecraft:vindicator":1,"medieval_craft_weapons:archer":8,"alexsmobs:seagull":2,"creeperoverhaul:snowy_creeper":2,"minecraft:drowned":4,"iceandfire:cyclops":1,"minecraft:rabbit":1,"alexsmobs:cockroach":1,"creeperoverhaul:savannah_creeper":2,"minecraft:enderman":1},"minecraft:crafted":{"minecraft:oak_planks":208,"simplyswords:iron_katana":1,"silentgear:axe":2,"quark:deepslate_furnace":1,"patchouli:guide_book":1,"sophisticatedbackpacks:copper_backpack":1,"silentgear:rough_rod":4,"sophisticatedbackpacks:backpack":2,"minecraft:crafting_table":7,"minecraft:spruce_planks":52,"minecraft:iron_helmet":1,"minecraft:copper_ingot":45,"simplyswords:iron_scythe":4,"minecraft:iron_chestplate":1,"quark:torch_arrow":1,"quark:oak_chest":1,"minecraft:iron_pickaxe":2,"minecraft:stick":16,"minecraft:iron_ingot":76,"medieval_craft_weapons:legionary_chestplate":3,"minecraft:gold_ingot":42,"silentgear:pickaxe":1,"minecraft:raw_iron":18,"silentgear:rod":4,"minecraft:leather":3,"minecraft:iron_axe":1,"minecraft:stone_pickaxe":1,"quark:spruce_chest":2,"sophisticatedbackpacks:iron_backpack":3,"biomesoplenty:umbran_planks":12,"basicweapons:stone_quarterstaff":1,"sophisticatedbackpacks:gold_backpack":3,"minecraft:bucket":1,"minecraft:air":0,"aether:iron_gloves":1,"minecraft:iron_shovel":1,"minecraft:iron_leggings":1,"minecraft:acacia_planks":248,"minecraft:torch":4,"medieval_craft_weapons:legionary_helmet":1,"minecraft:clay":67},"minecraft:custom":{"lootr:looted_stat":28,"minecraft:interact_with_crafting_table":58,"minecraft:open_barrel":18,"goblintraders:trade_with_goblin":20,"minecraft:leave_game":1,"minecraft:time_since_death":57081,"minecraft:sprint_one_cm":651690,"minecraft:damage_blocked_by_shield":325,"minecraft:drop":144,"minecraft:talked_to_villager":2,"minecraft:play_time":292480,"minecraft:deaths":11,"minecraft:jump":5789,"minecraft:walk_on_water_one_cm":91106,"minecraft:interact_with_furnace":60,"minecraft:interact_with_loom":1,"minecraft:sleep_in_bed":11,"minecraft:waystone_activated":3,"minecraft:damage_dealt":40162,"minecraft:crouch_one_cm":71673,"minecraft:interact_with_smoker":5,"minecraft:interact_with_anvil":2,"minecraft:mob_kills":192,"minecraft:damage_dealt_resisted":831,"minecraft:climb_one_cm":15958,"minecraft:walk_one_cm":685722,"minecraft:target_hit":1,"minecraft:sneak_time":19870,"minecraft:walk_under_water_one_cm":23589,"minecraft:interact_with_lectern":4,"minecraft:interact_with_blast_furnace":4,"minecraft:total_world_time":292480,"minecraft:time_since_rest":9863,"minecraft:damage_taken":2147483647,"minecraft:damage_absorbed":40,"minecraft:swim_one_cm":24087,"minecraft:fly_one_cm":997725,"minecraft:open_chest":131,"minecraft:fall_one_cm":163027},"minecraft:broken":{"simplyswords:iron_katana":1,"minecraft:iron_leggings":1,"minecraft:diamond_boots":1,"quark:forgotten_hat":1,"medieval_craft_weapons:brigandine_chestplate":1,"aether:iron_gloves":1,"medieval_craft_weapons:plate_helmet":1,"simplyswords:iron_scythe":2},"minecraft:dropped":{"minecraft:clay":1,"occultism:datura_seeds":1,"minecraft:moss_block":3,"medieval_craft_weapons:mace":1,"medieval_craft_weapons:gladius":1,"minecraft:glass_bottle":2,"quark:deepslate_furnace":1,"minecraft:ender_pearl":1,"minecraft:diamond":11,"minecraft:spore_blossom":2,"ecologics:coconut_slice":2,"simplyswords:diamond_halberd":1,"minecraft:leather":1,"silentgear:axe":1,"simplyswords:iron_halberd":1,"minecraft:cracked_stone_bricks":4,"silentgear:rough_rod":1,"farmersdelight:rice":4,"minecraft:dirt":2,"minecraft:red_bed":1,"biomesoplenty:stripped_umbran_log":2,"minecraft:sugar":1,"minecraft:iron_pickaxe":2,"alexsmobs:raccoon_tail":2,"minecraft:blue_bed":1,"minecraft:bone":1,"minecraft:gravel":2,"medieval_craft_weapons:sword_1":3,"botania:white_mushroom":1,"minecraft:cobbled_deepslate":2,"minecraft:rotten_flesh":29,"minecraft:carrot":1,"patchouli:guide_book":1,"biomesoplenty:umbran_log":507,"mysticalagriculture:inferium_essence":10,"minecraft:ladder":1,"ecologics:coconut_husk":5,"minecraft:leather_boots":1,"quark:forgotten_hat":1,"minecraft:azalea":1,"minecraft:chainmail_boots":1,"botania:blue_mystical_flower":2,"minecraft:beef":1,"minecraft:stone_brick_stairs":2,"minecraft:wheat_seeds":17,"minecraft:mossy_cobblestone":1,"minecraft:oak_fence":1,"minecraft:cobblestone":1,"ecologics:crab_claw":1,"medieval_craft_weapons:legionary_helmet":1,"minecraft:copper_ingot":81,"minecraft:tropical_fish":1,"minecraft:acacia_log":3,"minecraft:stick":30,"minecraft:cobweb":3,"simplefarming:soybean_seeds":1,"minecraft:black_candle":2,"minecraft:torch":1,"minecraft:rabbit":1,"minecraft:iron_shovel":1,"minecraft:string":3,"minecraft:tripwire_hook":1,"minecraft:acacia_planks":128,"minecraft:spruce_sapling":6,"minecraft:furnace":3,"minecraft:moss_carpet":13,"alexsmobs:acacia_blossom":1,"minecraft:raw_copper":35,"botania:blue_mushroom":1,"farmersdelight:cabbage_seeds":4,"minecraft:clay_ball":8,"minecraft:iron_boots":1,"minecraft:smoker":1,"minecraft:stone_slab":1,"minecraft:big_dripleaf":6,"simplyswords:iron_scythe":1,"minecraft:stone":4,"minecraft:shield":2,"medieval_craft_weapons:mighty_stick":5,"biomesoplenty:umbran_sapling":149,"minecraft:stone_bricks":2,"minecraft:spider_eye":3,"medieval_craft_weapons:titanite_nugget_1":1,"minecraft:stone_pickaxe":1,"minecraft:purple_candle":2,"minecraft:raw_gold":1,"medieval_craft_weapons:pole_axe":1,"minecraft:brick":4},"minecraft:mined":{"minecraft:spruce_planks":2,"minecraft:cobblestone_stairs":1,"ecologics:surface_moss":2,"minecraft:cave_vines_plant":19,"minecraft:grass_block":1,"minecraft:polished_blackstone_pressure_plate":1,"minecraft:spawner":9,"minecraft:raw_iron_block":2,"minecraft:iron_ore":73,"minecraft:cobbled_deepslate":5,"minecraft:fire":11,"valhelsia_structures:bone_pile_block":6,"minecraft:moss_carpet":5,"minecraft:anvil":2,"minecraft:deepslate_lapis_ore":2,"minecraft:sculk_shrieker":1,"realmrpg_skeletons:rookie_skeleton":1,"minecraft:skeleton_wall_skull":1,"minecraft:cave_vines":8,"minecraft:polished_deepslate_slab":1,"minecraft:flowering_azalea_leaves":1,"minecraft:oak_stairs":3,"minecraft:iron_bars":2,"minecraft:black_candle":2,"minecraft:azalea_leaves":2,"minecraft:azalea":2,"minecraft:green_bed":1,"valhelsia_structures:big_glazed_jar":1,"valhelsia_structures:big_purple_glazed_jar":1,"minecraft:deepslate_redstone_ore":15,"valhelsia_structures:glazed_jar":1,"valhelsia_structures:explorers_tent":3,"minecraft:red_bed":6,"minecraft:smoker":2,"minecraft:amethyst_cluster":1,"iceandfire:dragon_ice_spikes":5,"minecraft:powder_snow":1,"minecraft:clay":73,"minecraft:torch":1,"minecraft:blast_furnace":2,"minecraft:cobblestone":14,"minecraft:sugar_cane":3,"minecraft:oak_planks":9,"minecraft:wall_torch":1,"botania:blue_mushroom":1,"minecraft:skeleton_skull":1,"minecraft:seagrass":1,"minecraft:white_terracotta":2,"minecraft:light_blue_terracotta":1,"valhelsia_structures:bone_pile":2,"minecraft:wheat":5,"minecraft:jukebox":1,"valhelsia_structures:hanging_vines_body":1,"valhelsia_structures:orange_glazed_jar":1,"minecraft:stone_brick_stairs":2,"minecraft:grass":11,"minecraft:oak_log":35,"minecraft:dirt":3,"mysticalagriculture:deepslate_prosperity_ore":19,"valhelsia_furniture:oak_stool":1,"minecraft:tripwire_hook":1,"minecraft:dispenser":1,"minecraft:oak_leaves":6,"mysticalagriculture:deepslate_inferium_ore":15,"minecraft:deepslate":126,"silentgems:deepslate_iolite_ore":1,"alexscaves:spelunkery_table":1,"minecraft:diamond_ore":1,"minecraft:tuff":6,"minecraft:deepslate_diamond_ore":16,"silentgems:deepslate_heliodor_ore":1,"minecraft:jack_o_lantern":1,"minecraft:purple_candle":2,"realmrpg_skeletons:frozen_waterdrop_skeleton":1,"minecraft:ladder":1,"minecraft:cobbled_deepslate_slab":1,"minecraft:chiseled_bookshelf":1,"minecraft:decorated_pot":1,"iceandfire:deepslate_silver_ore":1,"occultism:silver_ore_deepslate":36,"valhelsia_structures:lime_glazed_jar":1,"minecraft:spruce_leaves":1,"minecraft:moss_block":9,"minecraft:furnace":6,"minecraft:carrots":33,"valhelsia_structures:big_white_glazed_jar":1,"valhelsia_structures:cracked_big_glazed_jar":2,"treechop:chopped_log":13,"minecraft:big_dripleaf_stem":1,"minecraft:bookshelf":45,"minecraft:potatoes":17,"minecraft:cobblestone_slab":1,"minecraft:deepslate_iron_ore":31,"minecraft:stone":45,"valhelsia_structures:purple_glazed_jar":1,"valhelsia_structures:unlit_lantern":1,"betterarcheology:archeology_table":1,"minecraft:flowering_azalea":1,"minecraft:stone_brick_slab":1,"minecraft:observer":1,"minecraft:oak_fence":2,"minecraft:crafting_table":6,"minecraft:emerald_ore":14,"valhelsia_structures:black_glazed_jar":1,"minecraft:sculk_sensor":2,"minecraft:lectern":1,"minecraft:tall_grass":3,"minecraft:deepslate_gold_ore":4,"minecraft:lily_pad":1,"minecraft:diorite":1,"valhelsia_structures:magenta_glazed_jar":1,"minecraft:blue_bed":9,"minecraft:big_dripleaf":1,"minecraft:purple_bed":1,"silentgems:deepslate_turquoise_ore":2,"betterarcheology:loot_vase_creeper":2,"quark:deepslate_furnace":3,"betterarcheology:loot_vase_green":4,"valhelsia_structures:cracked_glazed_jar":1,"minecraft:coal_ore":51,"betterarcheology:evoker_trap":1,"quark:spruce_chest":2,"minecraft:gravel":8,"minecraft:cobweb":29,"minecraft:cracked_stone_bricks":2,"minecraft:stone_bricks":5,"minecraft:mossy_stone_bricks":1},"minecraft:picked_up":{"minecraft:wheat":13,"minecraft:chainmail_boots":2,"minecraft:anvil":2,"minecraft:stone_slab":1,"botania:blue_mushroom":1,"minecraft:oak_stairs":3,"minecraft:enchanted_book":1,"minecraft:stone_brick_stairs":5,"medieval_craft_weapons:pole_axe":1,"minecraft:string":48,"minecraft:raw_copper":164,"silentgems:sapphire":3,"minecraft:zombie_head":1,"mysticalagriculture:inferium_essence":80,"minecraft:cobbled_deepslate":111,"bosses_of_mass_destruction:soul_star":2,"minecraft:spruce_planks":4,"minecraft:cobblestone_slab":1,"minecraft:azalea":2,"alexsmobs:raccoon_tail":2,"minecraft:iron_pickaxe":2,"valhelsia_structures:light_gray_sleeping_bag":1,"farmersdelight:cabbage_seeds":4,"minecraft:furnace":6,"minecraft:iron_boots":2,"medieval_craft_weapons:mace":1,"minecraft:stick":87,"valhelsia_structures:gray_sleeping_bag":1,"minecraft:jukebox":1,"minecraft:green_bed":1,"minecraft:big_dripleaf":10,"minecraft:oak_fence":2,"minecraft:acacia_log":66,"minecraft:torch":3,"mysticalagriculture:prosperity_shard":51,"minecraft:porkchop":4,"medieval_craft_weapons:spear_1":1,"silentgems:iolite":1,"minecraft:diorite":1,"alexsmobs:centipede_leg":2,"minecraft:rotten_flesh":80,"minecraft:tropical_fish":1,"medieval_craft_weapons:mighty_stick":4,"ecologics:coconut_log":3,"minecraft:white_terracotta":2,"minecraft:cobblestone":69,"minecraft:feather":1,"occultism:datura_seeds":2,"minecraft:leather_chestplate":1,"minecraft:cooked_beef":3,"farmersdelight:rice":4,"minecraft:water_bucket":1,"minecraft:smoker":2,"minecraft:potato":68,"minecraft:tuff":6,"medieval_craft_weapons:plate_chestplate":1,"skilltree:gem":14,"minecraft:lapis_lazuli":16,"minecraft:dirt":7,"minecraft:name_tag":1,"minecraft:leather_boots":1,"minecraft:bone":89,"minecraft:acacia_planks":64,"minecraft:wheat_seeds":17,"betterarcheology:archeology_table":1,"minecraft:raw_gold":24,"minecraft:cobbled_deepslate_slab":1,"biomesoplenty:stripped_umbran_log":2,"minecraft:rabbit":1,"minecraft:mossy_stone_bricks":1,"minecraft:moss_block":5,"minecraft:oak_planks":8,"medieval_craft_weapons:sword_1":3,"patchouli:guide_book":1,"betterarcheology:evoker_trap":1,"ecologics:coconut_husk":5,"medieval_craft_weapons:legionary_chestplate":4,"minecraft:mossy_cobblestone":1,"minecraft:dispenser":1,"minecraft:sugar":1,"minecraft:clay":1,"minecraft:light_blue_terracotta":2,"minecraft:diamond":18,"minecraft:polished_blackstone_pressure_plate":1,"minecraft:writable_book":1,"alexsmobs:banana_slug_slime":1,"minecraft:emerald":22,"alexsmobs:maggot":1,"iceandfire:gorgon_head":1,"silentgems:heliodor":1,"minecraft:jack_o_lantern":1,"valhelsia_structures:unlit_lantern":1,"iceandfire:raw_silver":1,"medieval_craft_weapons:legionary_helmet":3,"minecraft:crafting_table":6,"minecraft:azure_bluet":4,"medieval_craft_weapons:brigandine_chestplate":1,"minecraft:splash_potion":1,"minecraft:chicken":1,"minecraft:ladder":1,"minecraft:clay_ball":280,"minecraft:turtle_helmet":1,"minecraft:brown_mushroom":1,"occultism:raw_silver":36,"minecraft:gold_block":1,"medieval_craft_weapons:plate_boots":1,"medieval_craft_weapons:centurion_armor_helmet":1,"minecraft:brick":4,"minecraft:shield":3,"minecraft:red_bed":7,"minecraft:moss_carpet":18,"minecraft:iron_shovel":2,"minecraft:cracked_stone_bricks":4,"quark:spruce_chest":2,"minecraft:beef":22,"minecraft:observer":1,"minecraft:lectern":1,"minecraft:sugar_cane":7,"minecraft:egg":1,"minecraft:raw_iron":137,"iceandfire:dragonbone":3,"minecraft:polished_deepslate_slab":1,"minecraft:stone":5,"ecologics:coconut_slice":6,"minecraft:copper_ingot":98,"botania:mana_bottle":1,"medieval_craft_weapons:titanite_nugget_1":6,"quark:deepslate_furnace":3,"simplyswords:iron_halberd":2,"minecraft:cookie":5,"minecraft:carrot":121,"minecraft:redstone":71,"valhelsia_structures:explorers_tent":3,"valhelsia_structures:white_sleeping_bag":1,"minecraft:purple_candle":2,"minecraft:arrow":29,"simplyswords:diamond_halberd":2,"simplyswords:iron_scythe":6,"biomesoplenty:umbran_sapling":149,"minecraft:beetroot_seeds":12,"botania:blue_mystical_flower":2,"alexscaves:spelunkery_table":1,"minecraft:saddle":1,"minecraft:gold_ingot":34,"valhelsia_furniture:oak_stool":1,"minecraft:glow_berries":46,"minecraft:white_wool":3,"minecraft:skeleton_skull":2,"minecraft:bone_block":8,"simplyswords:iron_katana":2,"simplefarming:soybean_seeds":1,"minecraft:tripwire_hook":1,"minecraft:magenta_banner":1,"minecraft:leather":16,"alexsmobs:acacia_blossom":1,"minecraft:crimson_fungus":32,"minecraft:oak_log":32,"minecraft:chainmail_chestplate":3,"minecraft:gunpowder":2,"minecraft:blue_bed":10,"quark:forgotten_hat":2,"minecraft:apple":3,"minecraft:stone_bricks":6,"medieval_craft_weapons:greathelmet_helmet":1,"minecraft:rabbit_hide":7,"silentgems:ruby":2,"minecraft:cobweb":13,"medieval_craft_weapons:gladius":1,"minecraft:glass_bottle":3,"biomesoplenty:umbran_log":510,"minecraft:iron_sword":1,"minecraft:acacia_sapling":15,"silentgems:turquoise":2,"minecraft:book":141,"minecraft:black_candle":2,"minecraft:stone_brick_slab":1,"minecraft:red_wool":1,"minecraft:raw_iron_block":2,"minecraft:gravel":3,"minecraft:amethyst_shard":4,"minecraft:spruce_sapling":6,"medieval_craft_weapons:centurion_armor_chestplate":1,"minecraft:blast_furnace":2,"minecraft:spruce_log":13,"minecraft:spider_eye":6,"minecraft:pumpkin_seeds":5,"minecraft:purple_bed":1,"minecraft:iron_helmet":1,"minecraft:coal":114,"minecraft:ender_pearl":1}},"DataVersion":3465}