{"stats":{"minecraft:dropped":{"minecraft:wheat_seeds":2,"minecraft:golden_horse_armor":1,"minecraft:iron_helmet":1,"relics:infinity_ham":2,"minecraft:feather":3,"minecraft:cobblestone":9,"minecraft:glow_berries":1,"ecologics:crab_claw":1,"farmersdelight:rice":2,"minecraft:diamond_horse_armor":1,"minecraft:torch":2,"minecraft:iron_leggings":1,"morevanillaarmor:obsidian_chestplate":2,"minecraft:string":19,"minecraft:spruce_sapling":11,"minecraft:gold_ingot":6,"minecraft:bone":1,"minecraft:redstone":12,"minecraft:gravel":9,"botania:purple_mushroom":1,"minecraft:sweet_berries":3,"minecraft:golden_chestplate":2,"minecraft:rotten_flesh":21,"minecraft:clay_ball":28,"minecraft:warped_sign":2,"botania:brown_mushroom":1,"medieval_craft_weapons:mighty_stick":6,"minecraft:diamond_pickaxe":1,"mysticalagriculture:inferium_essence":3,"minecraft:leather_boots":3,"minecraft:azalea":5,"minecraft:arrow":1,"minecraft:egg":2},"minecraft:custom":{"minecraft:interact_with_anvil":2,"minecraft:mob_kills":50,"minecraft:interact_with_crafting_table":45,"minecraft:open_barrel":56,"goblintraders:trade_with_goblin":3,"minecraft:damage_dealt_resisted":778,"minecraft:leave_game":1,"minecraft:time_since_death":130543,"minecraft:climb_one_cm":400,"minecraft:sprint_one_cm":285961,"minecraft:walk_one_cm":526862,"minecraft:damage_blocked_by_shield":710,"minecraft:drop":105,"minecraft:talked_to_villager":3,"minecraft:play_time":157685,"minecraft:deaths":6,"minecraft:sneak_time":14824,"minecraft:walk_under_water_one_cm":12544,"minecraft:jump":1970,"minecraft:walk_on_water_one_cm":26497,"minecraft:total_world_time":157685,"minecraft:interact_with_furnace":55,"minecraft:sleep_in_bed":4,"minecraft:time_since_rest":130570,"minecraft:damage_taken":3903,"minecraft:damage_absorbed":2243,"minecraft:damage_dealt":9859,"minecraft:swim_one_cm":19739,"minecraft:fly_one_cm":260899,"minecraft:open_chest":45,"minecraft:crouch_one_cm":21525,"minecraft:fall_one_cm":36873},"minecraft:killed_by":{"creeperoverhaul:dripstone_creeper":1,"minecraft:cave_spider":2},"minecraft:mined":{"mysticalagriculture:prosperity_ore":3,"silentgems:ruby_ore":9,"mysticalagriculture:soulstone":6,"minecraft:tuff":32,"minecraft:deepslate_diamond_ore":3,"minecraft:red_nether_bricks":1,"biomesoplenty:brimstone":1,"minecraft:nether_bricks":25,"minecraft:obsidian":42,"minecraft:cave_vines_plant":41,"occultism:silver_ore_deepslate":9,"minecraft:moss_block":5,"minecraft:nether_wart":1,"minecraft:cracked_nether_bricks":4,"minecraft:spawner":2,"silentgems:deepslate_ruby_ore":4,"minecraft:hay_block":1,"botania:purple_mushroom":1,"minecraft:iron_ore":14,"minecraft:cobbled_deepslate":18,"minecraft:fire":19,"botania:white_mushroom":1,"treechop:chopped_log":3,"minecraft:moss_carpet":4,"minecraft:anvil":1,"minecraft:deepslate_lapis_ore":7,"minecraft:gold_block":2,"biomesoplenty:brimstone_bud":3,"minecraft:cave_vines":29,"minecraft:deepslate_iron_ore":10,"minecraft:stripped_oak_log":13,"minecraft:packed_ice":22,"minecraft:azalea":1,"minecraft:stone":124,"minecraft:deepslate_redstone_ore":1,"silentgems:alexandrite_nether_ore":4,"minecraft:clay":5,"minecraft:crafting_table":1,"silentgems:deepslate_sapphire_ore":8,"silentgems:deepslate_alexandrite_ore":2,"botania:brown_mushroom":1,"minecraft:tall_grass":3,"minecraft:cobblestone":1,"silentgems:deepslate_silver_ore":16,"minecraft:lapis_ore":1,"minecraft:deepslate_gold_ore":16,"silentgems:iolite_nether_ore":3,"minecraft:wall_torch":1,"minecraft:blue_bed":1,"minecraft:big_dripleaf":1,"minecraft:purple_bed":2,"mysticalagriculture:soulium_ore":1,"silentgems:deepslate_topaz_ore":33,"quark:deepslate_furnace":2,"minecraft:grass":4,"minecraft:coal_ore":4,"minecraft:gravel":25,"minecraft:dirt":2,"mysticalagriculture:deepslate_prosperity_ore":4,"minecraft:netherrack":130,"minecraft:gold_ore":4,"minecraft:deepslate":270,"minecraft:fern":2,"silentgems:deepslate_iolite_ore":1},"minecraft:killed":{"minecraft:cave_spider":1,"minecraft:skeleton":1,"ecologics:coconut_crab":1,"alexsmobs:centipede_head":1,"minecraft:magma_cube":17,"minecraft:piglin":1,"minecraft:zombie":4,"minecraft:wither_skeleton":14,"minecraft:blaze":8},"minecraft:crafted":{"minecraft:oak_planks":8,"minecraft:golden_chestplate":1,"minecraft:blaze_powder":6,"quark:deepslate_furnace":2,"minecraft:flint_and_steel":1,"minecraft:wither_skeleton_skull":2,"minecraft:iron_axe":1,"morevanillaarmor:obsidian_helmet":1,"medieval_craft_weapons:mighty_stick":5,"minecraft:ender_eye":3,"morevanillaarmor:obsidian_leggings":1,"minecraft:wheat":9,"medieval_craft_weapons:hammer":1,"minecraft:spruce_planks":140,"minecraft:baked_potato":6,"minecraft:iron_helmet":1,"minecraft:bucket":2,"morevanillaarmor:obsidian_boots":1,"minecraft:stone_axe":1,"minecraft:bread":3,"minecraft:air":0,"minecraft:golden_apple":4,"minecraft:charcoal":11,"minecraft:diamond_pickaxe":1,"minecraft:stick":280,"quark:oak_chest":1,"minecraft:iron_ingot":20,"minecraft:iron_pickaxe":1,"minecraft:gold_ingot":80,"minecraft:iron_leggings":1,"minecraft:torch":64,"morevanillaarmor:obsidian_chestplate":2},"minecraft:used":{"minecraft:moss_block":10,"minecraft:stone_sword":59,"minecraft:moss_carpet":3,"botania:white_mushroom":1,"biomesoplenty:brimstone":1,"minecraft:flint_and_steel":1,"minecraft:shield":53,"minecraft:netherrack":128,"minecraft:torch":68,"minecraft:anvil":1,"minecraft:dirt":8,"minecraft:nether_bricks":20,"minecraft:golden_shovel":10,"minecraft:tuff":5,"minecraft:obsidian":9,"quark:deepslate_furnace":4,"minecraft:iron_axe":15,"minecraft:iron_helmet":1,"minecraft:sweet_berries":14,"minecraft:potato":3,"minecraft:cobbled_deepslate":217,"minecraft:water_bucket":14,"medieval_craft_weapons:hammer":191,"minecraft:baked_potato":6,"minecraft:red_nether_bricks":1,"minecraft:blue_bed":1,"minecraft:golden_apple":4,"minecraft:glow_berries":49,"minecraft:crafting_table":1,"minecraft:diamond_pickaxe":517,"minecraft:apple":1,"mysticalagriculture:soulstone_cobble":6,"minecraft:string":1,"minecraft:bread":19,"minecraft:iron_pickaxe":380,"botania:purple_mushroom":3,"minecraft:cracked_nether_bricks":3,"morevanillaarmor:obsidian_boots":1,"minecraft:gravel":18,"ecologics:coconut_slice":2,"minecraft:stone_axe":30,"minecraft:wooden_sword":38,"minecraft:cobblestone":9,"minecraft:purple_bed":3,"minecraft:cooked_porkchop":2,"minecraft:bucket":16,"quark:oak_chest":1,"minecraft:cobweb":5},"minecraft:broken":{"minecraft:iron_pickaxe":1},"minecraft:picked_up":{"minecraft:anvil":1,"mysticalagriculture:soulstone_cobble":6,"minecraft:crafting_table":1,"minecraft:wheat":1,"iceandfire:witherbone":2,"minecraft:nether_wart":8,"minecraft:clay_ball":88,"botania:white_mushroom":1,"occultism:raw_silver":9,"minecraft:gold_block":2,"minecraft:potion":1,"minecraft:nether_brick":7,"minecraft:string":1,"minecraft:moss_carpet":4,"silentgems:sapphire":8,"minecraft:red_nether_bricks":1,"minecraft:item_frame":1,"biomesoplenty:brimstone":1,"silentgems:raw_silver":16,"mysticalagriculture:inferium_essence":5,"minecraft:cobbled_deepslate":284,"minecraft:azalea":5,"wstweaks:fragment":26,"ecologics:crab_claw":1,"minecraft:raw_iron":20,"minecraft:stick":28,"morevanillaarmor:obsidian_chestplate":1,"ecologics:coconut_slice":2,"minecraft:big_dripleaf":2,"minecraft:torch":6,"mysticalagriculture:prosperity_shard":13,"botania:purple_mushroom":4,"silentgems:iolite":4,"quark:deepslate_furnace":2,"minecraft:redstone":5,"minecraft:golden_chestplate":1,"minecraft:rotten_flesh":7,"medieval_craft_weapons:mighty_stick":6,"minecraft:nether_bricks":22,"minecraft:hay_block":1,"minecraft:warped_sign":2,"minecraft:blaze_rod":3,"minecraft:obsidian":41,"minecraft:glow_berries":35,"minecraft:cobblestone":128,"minecraft:stripped_oak_log":13,"minecraft:magma_cream":2,"minecraft:leather":3,"quark:smithing_template_rune":1,"minecraft:flint":3,"minecraft:tuff":31,"silentgems:alexandrite":4,"minecraft:dirt":11,"minecraft:blue_bed":1,"minecraft:lapis_lazuli":51,"minecraft:bone":15,"minecraft:leather_boots":2,"minecraft:wheat_seeds":4,"minecraft:raw_gold":20,"silentgems:ruby":13,"minecraft:cobweb":5,"mysticalagriculture:soulium_dust":3,"relics:infinity_ham":1,"minecraft:moss_block":12,"minecraft:soul_sand":3,"minecraft:flowering_azalea":1,"minecraft:sweet_berries":3,"minecraft:cracked_nether_bricks":3,"minecraft:gravel":37,"minecraft:spruce_sapling":11,"minecraft:spruce_log":35,"minecraft:crying_obsidian":3,"minecraft:purple_bed":3,"minecraft:diamond":3,"minecraft:chainmail_leggings":2,"minecraft:iron_helmet":1,"minecraft:ender_pearl":3,"minecraft:netherrack":128,"minecraft:diamond_pickaxe":1,"botania:brown_mushroom":1,"minecraft:coal":8,"silentgems:topaz":32}},"DataVersion":3465}