{"stats":{"minecraft:used":{"minecraft:moss_carpet":3,"botania:white_mushroom":1,"minecraft:stone_sword":80,"minecraft:moss_block":10,"biomesoplenty:brimstone":1,"minecraft:flint_and_steel":1,"minecraft:shield":54,"minecraft:netherrack":130,"minecraft:torch":70,"minecraft:anvil":1,"minecraft:dirt":8,"minecraft:nether_bricks":20,"minecraft:golden_shovel":10,"minecraft:tuff":5,"minecraft:obsidian":9,"quark:spruce_chest":2,"quark:deepslate_furnace":4,"minecraft:iron_axe":144,"minecraft:iron_helmet":1,"minecraft:sweet_berries":14,"minecraft:beef":8,"minecraft:potato":3,"biomesoplenty:dead_log":61,"minecraft:cobbled_deepslate":217,"minecraft:water_bucket":120,"medieval_craft_weapons:hammer":191,"minecraft:baked_potato":6,"minecraft:red_nether_bricks":1,"minecraft:blue_bed":1,"minecraft:golden_apple":4,"minecraft:glow_berries":49,"minecraft:crafting_table":1,"minecraft:diamond_pickaxe":544,"minecraft:apple":1,"minecraft:crying_obsidian":5,"mysticalagriculture:soulstone_cobble":6,"minecraft:string":1,"minecraft:bread":21,"minecraft:iron_pickaxe":380,"botania:purple_mushroom":3,"minecraft:cracked_nether_bricks":3,"minecraft:gravel":18,"morevanillaarmor:obsidian_boots":1,"minecraft:stone_axe":30,"ecologics:coconut_slice":2,"minecraft:wooden_sword":38,"minecraft:cobblestone":42,"minecraft:purple_bed":4,"minecraft:cooked_porkchop":9,"minecraft:bucket":122,"quark:nether_brick_chest":5,"quark:oak_chest":1,"minecraft:cobweb":5},"minecraft:killed_by":{"creeperoverhaul:dripstone_creeper":1,"minecraft:cave_spider":2},"minecraft:custom":{"lootr:looted_stat":10,"minecraft:interact_with_anvil":2,"minecraft:mob_kills":63,"minecraft:interact_with_crafting_table":59,"minecraft:open_barrel":83,"goblintraders:trade_with_goblin":3,"minecraft:damage_dealt_resisted":778,"minecraft:leave_game":2,"minecraft:time_since_death":22640,"minecraft:climb_one_cm":400,"minecraft:sprint_one_cm":399972,"minecraft:walk_one_cm":704674,"minecraft:damage_blocked_by_shield":740,"minecraft:drop":127,"minecraft:talked_to_villager":3,"minecraft:play_time":217733,"minecraft:sneak_time":16160,"minecraft:deaths":8,"minecraft:walk_under_water_one_cm":59416,"minecraft:jump":2889,"minecraft:walk_on_water_one_cm":55960,"minecraft:total_world_time":217733,"minecraft:interact_with_furnace":63,"minecraft:sleep_in_bed":5,"minecraft:time_since_rest":22772,"minecraft:damage_taken":4925,"minecraft:damage_absorbed":3415,"minecraft:damage_dealt":12685,"minecraft:swim_one_cm":180045,"minecraft:fly_one_cm":465912,"minecraft:open_chest":98,"minecraft:crouch_one_cm":26695,"minecraft:fall_one_cm":47873},"minecraft:crafted":{"minecraft:oak_planks":8,"silentgear:machete_blade":1,"minecraft:golden_chestplate":1,"silentgear:machete":1,"minecraft:blaze_powder":6,"quark:deepslate_furnace":2,"minecraft:flint_and_steel":1,"minecraft:wither_skeleton_skull":2,"minecraft:iron_axe":1,"silentgear:rough_rod":6,"morevanillaarmor:obsidian_helmet":1,"medieval_craft_weapons:mighty_stick":5,"quark:spruce_chest":2,"minecraft:ender_eye":3,"morevanillaarmor:obsidian_leggings":1,"minecraft:wheat":9,"minecraft:cooked_beef":7,"biomesoplenty:dead_planks":12,"minecraft:cooked_porkchop":9,"silentgear:pickaxe_head":1,"medieval_craft_weapons:hammer":1,"minecraft:spruce_planks":196,"minecraft:iron_helmet":1,"minecraft:baked_potato":6,"minecraft:bucket":2,"morevanillaarmor:obsidian_boots":1,"minecraft:stone_axe":1,"minecraft:air":0,"minecraft:bread":3,"minecraft:diamond_pickaxe":1,"minecraft:charcoal":11,"minecraft:golden_apple":4,"minecraft:stick":360,"quark:oak_chest":1,"minecraft:iron_ingot":20,"minecraft:iron_pickaxe":1,"minecraft:iron_leggings":1,"minecraft:gold_ingot":80,"minecraft:torch":128,"silentgear:pickaxe":1,"morevanillaarmor:obsidian_chestplate":2},"minecraft:mined":{"silentgems:ruby_ore":9,"mysticalagriculture:prosperity_ore":3,"mysticalagriculture:soulstone":6,"minecraft:tuff":32,"minecraft:deepslate_diamond_ore":3,"minecraft:red_nether_bricks":1,"biomesoplenty:brimstone":1,"minecraft:obsidian":45,"minecraft:cave_vines_plant":42,"minecraft:nether_bricks":25,"occultism:silver_ore_deepslate":9,"minecraft:moss_block":5,"minecraft:nether_wart":2,"minecraft:cracked_nether_bricks":4,"silentgems:deepslate_ruby_ore":4,"minecraft:spawner":3,"minecraft:hay_block":1,"botania:purple_mushroom":1,"minecraft:iron_ore":14,"minecraft:fire":19,"minecraft:cobbled_deepslate":18,"botania:white_mushroom":1,"minecraft:moss_carpet":4,"treechop:chopped_log":11,"minecraft:anvil":1,"minecraft:deepslate_lapis_ore":7,"minecraft:gold_block":2,"minecraft:cave_vines":29,"minecraft:deepslate_iron_ore":10,"biomesoplenty:brimstone_bud":3,"minecraft:stripped_oak_log":13,"minecraft:packed_ice":25,"minecraft:azalea":1,"minecraft:stone":124,"minecraft:deepslate_redstone_ore":1,"quark:nether_brick_chest":8,"minecraft:soul_sand":3,"minecraft:clay":5,"silentgems:alexandrite_nether_ore":4,"minecraft:crafting_table":1,"silentgems:deepslate_sapphire_ore":8,"silentgems:deepslate_alexandrite_ore":2,"botania:brown_mushroom":1,"minecraft:tall_grass":3,"minecraft:cobblestone":5,"silentgems:deepslate_silver_ore":16,"minecraft:deepslate_gold_ore":16,"minecraft:lapis_ore":1,"minecraft:blue_bed":1,"minecraft:wall_torch":1,"minecraft:big_dripleaf":1,"silentgems:iolite_nether_ore":3,"minecraft:cauldron":4,"minecraft:purple_bed":3,"mysticalagriculture:soulium_ore":1,"silentgems:deepslate_topaz_ore":33,"quark:deepslate_furnace":2,"minecraft:grass":4,"biomesoplenty:dead_log":5,"minecraft:coal_ore":4,"minecraft:gravel":25,"minecraft:dirt":2,"minecraft:cobweb":5,"mysticalagriculture:deepslate_prosperity_ore":4,"minecraft:netherrack":132,"minecraft:gold_ore":4,"minecraft:deepslate":274,"silentgems:deepslate_iolite_ore":1,"minecraft:fern":3},"minecraft:killed":{"minecraft:cave_spider":1,"minecraft:skeleton":2,"ecologics:coconut_crab":1,"alexsmobs:centipede_head":1,"minecraft:magma_cube":17,"minecraft:piglin":1,"alexsmobs:grizzly_bear":1,"minecraft:zombie":5,"minecraft:wither_skeleton":15,"monsterplus:overgrown_skeleton":1,"minecraft:cow":7,"minecraft:blaze":8},"minecraft:picked_up":{"minecraft:crafting_table":1,"minecraft:wheat":1,"mysticalagriculture:soulstone_cobble":6,"iceandfire:witherbone":2,"minecraft:clay_ball":88,"minecraft:nether_wart":16,"botania:white_mushroom":1,"minecraft:anvil":1,"quark:nether_brick_chest":8,"silentgear:shield_blueprint":1,"silentgear:pickaxe_blueprint":3,"occultism:raw_silver":9,"minecraft:gold_block":2,"minecraft:potion":1,"minecraft:nether_brick":7,"minecraft:iron_axe":1,"aether:leather_gloves":1,"silentgear:sinew":2,"minecraft:string":7,"minecraft:moss_carpet":4,"silentgems:sapphire":8,"minecraft:red_nether_bricks":1,"minecraft:item_frame":1,"silentgems:raw_silver":16,"biomesoplenty:brimstone":1,"mysticalagriculture:inferium_essence":5,"minecraft:cobbled_deepslate":288,"minecraft:spruce_planks":40,"minecraft:beef":15,"minecraft:azalea":5,"minecraft:iron_nugget":1,"wstweaks:fragment":30,"ecologics:crab_claw":1,"minecraft:dark_oak_sapling":20,"minecraft:stick":28,"minecraft:raw_iron":20,"morevanillaarmor:obsidian_chestplate":1,"ecologics:coconut_slice":2,"minecraft:big_dripleaf":2,"minecraft:torch":7,"mysticalagriculture:prosperity_shard":13,"medieval_craft_weapons:titanite_nugget_1":1,"botania:purple_mushroom":4,"silentgems:iolite":4,"quark:deepslate_furnace":2,"simplyswords:diamond_longsword":3,"minecraft:redstone":5,"minecraft:golden_chestplate":1,"minecraft:cauldron":4,"minecraft:rotten_flesh":7,"medieval_craft_weapons:mighty_stick":8,"minecraft:nether_bricks":22,"silentgear:axe_blueprint":1,"minecraft:hay_block":1,"silentgear:shovel_blueprint":1,"minecraft:warped_sign":2,"minecraft:blaze_rod":3,"minecraft:glow_berries":35,"minecraft:obsidian":44,"silentgear:knife_blueprint":1,"minecraft:cobblestone":131,"minecraft:stripped_oak_log":13,"silentgear:machete_blueprint":1,"minecraft:magma_cream":2,"minecraft:leather":8,"biomesoplenty:dead_log":64,"alexsmobs:bear_fur":2,"silentgear:blueprint_package":1,"quark:smithing_template_rune":1,"minecraft:flint":3,"minecraft:tuff":31,"silentgems:alexandrite":4,"minecraft:lapis_lazuli":51,"minecraft:blue_bed":1,"minecraft:dirt":11,"minecraft:leather_boots":2,"minecraft:bone":15,"minecraft:wheat_seeds":4,"minecraft:raw_gold":20,"silentgems:ruby":13,"minecraft:cobweb":5,"mysticalagriculture:soulium_dust":3,"relics:infinity_ham":1,"minecraft:moss_block":12,"minecraft:flowering_azalea":1,"minecraft:soul_sand":9,"minecraft:sweet_berries":3,"patchouli:guide_book":1,"minecraft:cracked_nether_bricks":3,"minecraft:gravel":37,"silentgear:machete":1,"minecraft:spruce_sapling":11,"minecraft:spruce_log":49,"minecraft:crying_obsidian":3,"minecraft:dark_oak_log":41,"minecraft:purple_bed":4,"minecraft:diamond":3,"minecraft:chainmail_leggings":2,"minecraft:iron_helmet":1,"minecraft:netherrack":130,"silentgems:topaz":32,"botania:brown_mushroom":1,"minecraft:coal":8,"minecraft:diamond_pickaxe":1,"minecraft:ender_pearl":3},"minecraft:broken":{"minecraft:iron_pickaxe":1},"minecraft:dropped":{"minecraft:wheat_seeds":2,"minecraft:glass_bottle":2,"minecraft:golden_horse_armor":1,"relics:infinity_ham":2,"minecraft:feather":3,"minecraft:iron_helmet":1,"minecraft:cobblestone":9,"minecraft:glow_berries":1,"ecologics:crab_claw":1,"minecraft:saddle":1,"farmersdelight:rice":2,"minecraft:diamond_horse_armor":1,"minecraft:torch":2,"minecraft:iron_leggings":1,"morevanillaarmor:obsidian_chestplate":2,"minecraft:string":24,"minecraft:spruce_sapling":11,"minecraft:redstone":12,"minecraft:gold_ingot":6,"minecraft:bone":1,"minecraft:gravel":9,"botania:purple_mushroom":1,"minecraft:sweet_berries":3,"minecraft:golden_chestplate":2,"minecraft:nether_brick":7,"minecraft:rotten_flesh":21,"minecraft:clay_ball":28,"aether:leather_gloves":1,"silentgear:pickaxe_blueprint":1,"botania:brown_mushroom":1,"minecraft:warped_sign":2,"medieval_craft_weapons:mighty_stick":9,"minecraft:spruce_planks":40,"minecraft:diamond_pickaxe":1,"mysticalagriculture:inferium_essence":3,"minecraft:leather_boots":3,"minecraft:azalea":5,"minecraft:arrow":1,"minecraft:soul_sand":3,"minecraft:egg":2}},"DataVersion":3465}